UNIT_CODE,UNIT_NAME,EVENT_NAME,STATE,LAT,LONG,DATE,PARK_URL,INAT_URL
ACAD,Acadia National Park,2016 National Parks BioBlitz - Acadia Lepidoptera BioBlitz,ME,44.3507318,-68.24410999,"Fri. July 22 - Sun. July 24, 2016",https://www.nps.gov/acad,http://www.inaturalist.org/projects/2016-national-parks-bioblitz-acadia-lepidoptera-bioblitz
ANTI,Antietam National Battlefield,2016 National Parks BioBlitz - Antietam: Grassland Birds,MD,39.47010671,-77.7380518,"Sat. May 21, 2016",https://www.nps.gov/anti,http://www.inaturalist.org/projects/2016-national-parks-bioblitz-antietam-grassland-birds
APIS,Apostle Islands National Lakeshore,2016 National Parks BioBlitz - Apostle Islands,WI,46.93671618,-90.57955662,"Sat. June 4, 2016",https://www.nps.gov/apis,http://www.inaturalist.org/projects/2016-national-parks-bioblitz-apostle-islands
APCO,Appomattox Court House National Historical Park,2016 National Parks BioBlitz - Explore the Natural Side of Appomattox Court House,VA,37.38274761,-78.80089447,"Sat. May 21, 2016",https://www.nps.gov/apco,http://www.inaturalist.org/projects/2016-national-parks-bioblitz-explore-the-natural-side-of-appomattox-court-house
ASIS,Assateague Island National Seashore,2016 National Parks BioBlitz - Assateague Island,"MD, VA",38.03902729,-75.24962442,"Sat. May 21, 2016",https://www.nps.gov/asis,http://www.inaturalist.org/projects/2016-national-parks-bioblitz-assateague-island
AZRU,Aztec Ruins National Monument,2016 National Parks BioBlitz - Aztec Ruins BugBlitz: May,NM,36.83682198,-107.9999245,"Wed. May 18 - Thu. May 19, 2016",https://www.nps.gov/azru,http://www.inaturalist.org/projects/2016-national-parks-bioblitz-aztec-ruins-bugblitz-may
AZRU,Aztec Ruins National Monument,2016 National Parks BioBlitz - Aztec Ruins BugBlitz: July,NM,36.839596,-107.995973,"Wed. July 20, 2016",https://www.nps.gov/azru,http://www.inaturalist.org/projects/2016-national-parks-bioblitz-aztec-ruins-bugblitz-july
AZRU,Aztec Ruins National Monument,2016 National Parks BioBlitz - Aztec Ruins BugBlitz: September,NM,36.834478,-108.001209,"Tue. September 20, 2016",https://www.nps.gov/azru,http://www.inaturalist.org/projects/2016-national-parks-bioblitz-aztec-ruins-bugblitz-september
BAND,Bandelier National Monument,2016 National Parks BioBlitz - Bandelier,NM,35.75757661,-106.3055099,"Fri. May 20 - Sat. May 21, 2016",https://www.nps.gov/band,http://www.inaturalist.org/projects/2016-national-parks-bioblitz-bandelier
BELA,Bering Land Bridge National Preserve,2016 National Parks BioBlitz - Bering Land Bridge,AK,65.75704848,-163.9208061,"Thu. July 7 - Sun. July 10, 2016",https://www.nps.gov/bela,http://www.inaturalist.org/projects/2016-national-parks-bioblitz-bering-land-bridge
BITH,Big Thicket National Preserve,2016 National Parks BioBlitz - Big Thicket Mini-BioBlitz,TX,30.20260051,-94.11767341,"Fri. October 14 - Sun. October 16, 2016",https://www.nps.gov/bith,http://www.inaturalist.org/projects/2016-national-parks-bioblitz-big-thicket-mini-bioblitz
BOHA,Boston Harbor Islands National Recreation Area,2016 National Parks BioBlitz - Boston Harbor Islands,MA,42.26219884,-70.8761789,"Sat. September 24, 2016",http://www.bostonharborislands.org/,http://www.inaturalist.org/projects/2016-national-parks-bioblitz-boston-harbor-islands
BUFF,Buffalo National River,2016 National Parks BioBlitz - Caddisflies of Buffalo National River,AR,35.968644,-92.91810617,"Fri. May 20 - Sat. May 21, 2016",https://www.nps.gov/buff,http://www.inaturalist.org/projects/2016-national-parks-bioblitz-buffalo-national-river
CABR,Cabrillo National Monument,2016 National Parks BioBlitz - Cabrillo Intertidal BioBlitz,CA,32.67225021,-117.2415986,"Sun. March 6, 2016",https://www.nps.gov/cabr,http://www.inaturalist.org/projects/2016-national-parks-bioblitz-cabrillo-intertidal-bioblitz
CABR,Cabrillo National Monument,2016 National Parks BioBlitz - Cabrillo: Urban Island BioBlitz,CA,32.67059,-117.243282,"Sat. May 21 - Sun. May 22, 2016",https://www.nps.gov/cabr,http://www.inaturalist.org/projects/2016-national-parks-bioblitz-cabrillo-urban-island-bioblitz
CAVO,Capulin Volcano National Monument,2016 National Parks BioBlitz - Capulin Volcano,NM,36.78171068,-103.9710428,"Sat. July 30, 2016",https://www.nps.gov/cavo,http://www.inaturalist.org/projects/2016-national-parks-bioblitz-capulin-volcano
CARL,Carl Sandburg Home National Historic Site,2016 National Parks BioBlitz - Carl Sandburg Scientists,NC,35.26815486,-82.45106268,"Sat. July 23, 2016",https://www.nps.gov/carl,http://www.inaturalist.org/projects/2016-national-parks-bioblitz-carl-sandburg-scientists
CARL,Carl Sandburg Home National Historic Site,2016 National Parks BioBlitz - Carl Sandburg Home,NC,35.273033,-82.449891,"Fri. May 20, 2016",https://www.nps.gov/carl,http://www.inaturalist.org/projects/2016-national-parks-bioblitz-carl-sandburg-home
CATO,Catoctin Mountain Park,2016 National Parks BioBlitz - Catoctin Insect BioBlitz,MD,39.64821119,-77.46122133,"Fri. May 20 - Sat. May 21, 2016",https://www.nps.gov/cato,http://www.inaturalist.org/projects/2016-national-parks-bioblitz-catoctin-insect-bioblitz
CEBR,Cedar Breaks National Monument,"2016 National Parks BioBlitz - Cedar Breaks: Bats, Birds, and Bugs",UT,37.63545088,-112.8452681,"Fri. June 24 - Sun. June 26, 2016",https://www.nps.gov/cebr,http://www.inaturalist.org/projects/2016-national-parks-bioblitz-cedar-breaks-bats-birds-and-bugs
CECH,Cesar E. Chavez National Monument,2016 National Parks BioBlitz - Cesar E. Chavez,CA,35.22729381,-118.5615781,"Sat. April 16, 2016",https://www.nps.gov/cech,http://www.inaturalist.org/projects/2016-national-parks-bioblitz-cesar-e-chavez
CHIS,Channel Islands National Park,2016 National Parks BioBlitz - Channel Islands,CA,34.01655127,-119.7396508,"Mon. May 16 - Sat. May 21, 2016",https://www.nps.gov/chis,http://www.inaturalist.org/projects/2016-national-parks-bioblitz-channel-islands
CHPI,Charles Pinckney National Historic Site,2016 National Parks BioBlitz - Charles Pinckney,SC,32.84577391,-79.82487582,"Fri. May 20 - Sat. May 21, 2016",https://www.nps.gov/chpi,http://www.inaturalist.org/projects/2016-national-parks-bioblitz-charles-pinckney
CHOH,Chesapeake & Ohio Canal National Historic Park,2016 National Parks BioBlitz - C&O Canal Biodiversity Celebration,DC,39.5996516,-77.94484191,"Fri. May 20 - Sat. May 21, 2016",https://www.nps.gov/choh,http://www.inaturalist.org/projects/2016-national-parks-bioblitz-c-o-canal-biodiversity-celebration
CHIC,Chickasaw National Recreation Area,2016 National Parks BioBlitz - Chickasaw PaleoBlitz,OK,34.46049374,-97.00715806,"Fri. May 20 - Sat. May 21, 2016",https://www.nps.gov/chic,http://nsstage/geology/nationalfossilday/paleoblitz_CHIC2016.cfm
CHIR,Chiricahua National Monument,"2016 National Parks BioBlitz - Chiricahua: Birds, Bugs and Botany",AZ,32.01214105,-109.3416065,"Sat. May 14, 2016",https://www.nps.gov/chir,http://www.inaturalist.org/projects/2016-national-parks-bioblitz-chiricahua-birds-bugs-and-botany
CIRO,City of Rocks National Reserve,2016 National Parks BioBlitz - City of Rocks: Birds and Blooms,ID,42.06988424,-113.7124104,"Sat. May 21, 2016",https://www.nps.gov/ciro,http://www.inaturalist.org/projects/2016-national-parks-bioblitz-city-of-rocks-birds-and-blooms
COLO,Colonial National Historical Park,2016 National Parks BioBlitz - Colonial ButterflyBlitz,VA,37.28808948,-76.63422124,"Sat. September 24, 2016",https://www.nps.gov/colo,http://www.inaturalist.org/projects/2016-national-parks-bioblitz-colonial-insect-blitz
CONG,Congaree National Park,2016 National Parks BioBlitz - Congaree,SC,33.79684439,-80.77279206,"Fri. May 20 - Sat. May 21, 2016",https://www.nps.gov/cong,http://www.inaturalist.org/projects/2016-national-parks-bioblitz-congaree
CORO,Coronado National Memorial,"2016 National Parks BioBlitz - Coronado: Birds, Bugs and Botany",AZ,31.34900273,-110.2561572,"Sat. May 21, 2016",https://www.nps.gov/coro,http://www.inaturalist.org/projects/2016-national-parks-bioblitz-coronado-birds-bugs-and-botany
COWP,Cowpens National Battlefield,2016 National Parks BioBlitz - Cowpens,SC,35.13160593,-81.80935401,"Fri. May 20 - Sat. May 21, 2016",https://www.nps.gov/cowp,http://www.inaturalist.org/projects/2016-national-parks-bioblitz-cowpens
CRLA,Crater Lake National Park,2016 National Parks BioBlitz - Crater Lake: Meet the Beetles,OR,42.9410862,-122.1328164,"Sat. July 23, 2016",https://www.nps.gov/crla,http://www.inaturalist.org/projects/2016-national-parks-bioblitz-crater-lake-meet-the-beetles
CRMO,Craters of the Moon National Monument and Preserve,2016 National Parks BioBlitz - Craters of the Moon: Lichen Blitz,ID,43.28286894,-113.4416201,"Fri. May 13 - Sat. May 14, 2016",https://www.nps.gov/crmo,http://www.inaturalist.org/projects/2016-national-parks-bioblitz-craters-of-the-moon-lichen-blitz
CUVA,Cuyahoga Valley National Park,2016 National Parks BioBlitz - Cuyahoga Valley,OH,41.26123633,-81.56904389,"Fri. May 20 - Sat. May 21, 2016",https://www.nps.gov/cuva,http://www.inaturalist.org/projects/2016-national-parks-bioblitz-cuyahoga-valley
DEVA,Death Valley National Park,2016 National Parks BioBlitz - Death Valley: Discovering Life on the Edge,CA,36.48393063,-117.1326278,"Sat. March 12, 2016",https://www.nps.gov/deva,http://www.inaturalist.org/projects/2016-national-parks-bioblitz-death-valley-discovering-life-on-the-edge-71162a33-482e-40e4-9b9a-5c08a7433e92
DENA,Denali National Park and Preserve,2016 National Parks BioBlitz - Denali - Arthropod Inventory,AK,63.34110762,-150.7341423,"Wed. June 15 - Tue. August 30, 2016",https://www.nps.gov/dena,http://www.inaturalist.org/projects/2016-national-parks-bioblitz-denali-arthropod-inventory
DETO,Devils Tower National Monument,2016 National Parks BioBlitz - Devils Tower Porcupine BioBlitz,WY,44.59064562,-104.7156342,"Sat. April 30, 2016",https://www.nps.gov/deto,http://www.inaturalist.org/places/devils-tower-national-monument
DINO,Dinosaur National Monument,2016 National Parks BioBlitz - Dinosaur Wild Life Weekend,CO,40.50596642,-108.9377028,"Sat. May 21 - Sun. May 22, 2016",https://www.nps.gov/dino,http://www.inaturalist.org/projects/2016-national-parks-bioblitz-dinosaur-wild-life-weekend
EBLA,Ebey's Landing National Historical Reserve,2016 National Parks BioBlitz - Ebey's Landing,WA,48.214014,-122.6877159,"Fri. May 20 - Sun. May 22, 2016",https://www.nps.gov/ebla,http://www.inaturalist.org/projects/2016-national-parks-bioblitz-ebey-s-landing
EFMO,Effigy Mounds National Monument,2016 National Parks BioBlitz - Effigy Mounds: Arthropodapolooza,IA,43.09145766,-91.20777104,"Fri. July 8 - Sat. July 9, 2016",https://www.nps.gov/efmo,http://www.inaturalist.org/projects/2016-national-parks-bioblitz-effigy-mounds-arthropodapolooza
FRST,First State National Historical park,2016 National Parks BioBlitz - First State,DE,39.83184434,-75.56362482,"Fri. May 20 - Sat. May 21, 2016",https://www.nps.gov/frst,http://www.inaturalist.org/projects/2016-national-parks-bioblitz-first-state
FOBO,Fort Bowie National Historic Site,"2016 National Parks BioBlitz - Fort Bowie: Birds, Bugs and Botany",AZ,32.14925916,-109.4511317,"Sat. March 26, 2016",https://www.nps.gov/fobo,http://www.inaturalist.org/projects/2016-national-parks-bioblitz-fort-bowie-birds-bugs-and-botany
FOCA,Fort Caroline National Memorial,2016 National Parks BioBlitz - Fort Caroline: Insect BioBlitz,FL,30.38452103,-81.50029453,"Fri. May 20 - Sat. May 21, 2016",https://www.nps.gov/foca,http://www.inaturalist.org/projects/2016-national-parks-bioblitz-fort-caroline-insect-bioblitz
FOSU,Fort Sumter National Monument,2016 National Parks BioBlitz - Fort Moultrie,SC,32.75359427,-79.87933364,"Fri. May 20 - Sat. May 21, 2016",https://www.nps.gov/fosu,http://www.inaturalist.org/projects/2016-national-parks-bioblitz-fort-moultrie
FOVA,Fort Vancouver National Historic Site,2016 National Parks BioBlitz - Fort Vancouver,WA,45.62356027,-122.6616376,"Fri. May 20 - Sat. May 21, 2016",https://www.nps.gov/fova,http://www.inaturalist.org/projects/2016-national-parks-bioblitz-fort-vancouver
GAAR,Gates of the Arctic National Park & Preserve,2016 National Parks BioBlitz - Gates of the Arctic,AK,67.86900574,-153.3869032,"Fri. May 20 - Sun. May 22, 2016",https://www.nps.gov/gaar,http://www.inaturalist.org/projects/2016-national-parks-bioblitz-gates-of-the-arctic
GATE,Gateway National Recreation Area,2016 National Parks BioBlitz - Gateway: Jamaica Bay BioBlitz,NY,40.6185497,-73.86104474,"Fri. June 10 - Sat. June 11, 2016",https://www.nps.gov/gate,http://www.inaturalist.org/projects/2016-national-parks-bioblitz-jamaica-bay-bioblitz
GATE,Gateway National Recreation Area,2016 National Parks BioBlitz - Gateway: Sandy Hook BioBlitz,NY,40.457516,-73.997349,"Fri. September 23 - Sat. September 24, 2016",https://www.nps.gov/gate,http://www.inaturalist.org/projects/2016-national-parks-bioblitz-gateway-sandy-hook-bioblitz
GWCA,George Washington Carver National Monument,2016 National Parks BioBlitz - George Washington Carver: Harkins Woods,MO,36.98713203,-94.35522735,"Sat. May 21, 2016",https://www.nps.gov/gwca,http://www.inaturalist.org/projects/2016-national-parks-bioblitz-george-washington-carver-harkins-woods
GWMP,George Washington Memorial Parkway,2016 National Parks BioBlitz - George Washington Memorial Parkway,VA,38.71498629,-77.04954861,"Fri. May 20 - Sat. May 21, 2016",https://www.nps.gov/gwmp,http://www.inaturalist.org/projects/2016-national-parks-bioblitz-george-washington-memorial-parkway
GETT,Gettysburg National Military Park,2016 National Parks BioBlitz - Gettysburg,PA,39.80428488,-77.23846983,"Fri. May 20, 2016",https://www.nps.gov/gett,http://www.inaturalist.org/projects/2016-national-parks-bioblitz-gettysburg
GLAC,Glacier National Park,2016 National Parks BioBlitz - Glacier Alpine Aquatic Insect Blitz,MT,48.490161,-113.476888,"Fri. August 26 - Sun. August 28, 2016",https://www.nps.gov/glac,http://www.inaturalist.org/projects/2016-national-parks-bioblitz-glacier-alpine-aquatic-insect-blitz
GLAC,Glacier National Park,2016 National Parks BioBlitz - Glacier Weed Blitz,MT,48.916481,-113.902463,"Tue. July 19, 2016",https://www.nps.gov/glac,http://www.inaturalist.org/projects/2016-national-parks-bioblitz-glacier-weed-blitz
GLAC,Glacier National Park,2016 National Parks BioBlitz - Glacier Lake Ecology Blitz,MT,48.74679601,-113.8587463,"Wed. May 25 - Sat. May 28, 2016",https://www.nps.gov/glac,http://www.inaturalist.org/projects/2016-national-parks-bioblitz-glacier-lake-ecology-blitz
GLAC,Glacier National Park,2016 National Parks BioBlitz - Glacier Wildlife Observations,MT,48.639254,-113.860802,"Sun. May 1 - Fri. September 30, 2016",https://www.nps.gov/glac,http://www.inaturalist.org/projects/2016-national-parks-bioblitz-glacier-wildlife-observations
GOGA,Golden Gate National Recreation Area,2016 National Parks BioBlitz - Golden Gate with Farallone View Elementary,CA,37.85887677,-122.551128,"Fri. April 1, 2016",https://www.nps.gov/goga,http://www.inaturalist.org/projects/2016-national-parks-bioblitz-golden-gate-with-farallone-view-elementary
GRCA,Grand Canyon National Park,2016 National Parks BioBlitz - Grand Canyon Birds,AZ,36.18654515,-112.185254,"Sat. September 10 - Sun. September 11, 2016",https://www.nps.gov/grca,https://www.inaturalist.org/projects/2016-national-parks-bioblitz-grand-canyon-birds
GRBA,Great Basin National Park,2016 National Parks BioBlitz - Great Basin Bird BioBlitz,NV,38.9460953,-114.2579658,"Fri. May 20 - Sun. May 22, 2016",https://www.nps.gov/grba,http://www.inaturalist.org/projects/2016-national-parks-bioblitz-great-basin-bird-bioblitz
GRSM,Great Smoky Mountains NP,2016 National Parks BioBlitz - Great Smoky Mountains: North Carolina,NC,35.5759,-83.432735,"Fri. April 22, 2016",https://www.nps.gov/grsm,http://www.inaturalist.org/projects/2016-national-parks-bioblitz-great-smoky-mountains-north-carolina
GRSM,Great Smoky Mountains NP,2016 National Parks BioBlitz - Great Smoky Mountains: Tennessee,TN,35.60927471,-83.52627532,"Thu. May 12, 2016",https://www.nps.gov/grsm,http://www.inaturalist.org/projects/2016-national-parks-bioblitz-great-smoky-mountains-tennessee
GUCO,Guilford Courthouse National Military Park,2016 National Parks BioBlitz - Guilford Courthouse: Environmental Inventory,NC,36.1330178,-79.84186813,"Sat. September 24, 2016",https://www.nps.gov/guco,http://www.inaturalist.org/projects/2016-national-parks-bioblitz-guilford-courthouse
GUIS,Gulf Islands National Seashore,2016 National Parks BioBlitz - Gulf Islands,FL,30.37306335,-86.90996505,"Sat. May 21, 2016",https://www.nps.gov/guis,http://www.inaturalist.org/projects/2016-national-parks-bioblitz-gulf-islands
HAFE,Harpers Ferry National Historical Park,2016 National Parks BioBlitz - Harpers Ferry,WV,39.31286155,-77.74195536,"Fri. May 20 - Sat. May 21, 2016",https://www.nps.gov/hafe,http://www.inaturalist.org/projects/2016-national-parks-bioblitz-harpers-ferry
HAVO,Hawaii Volcanoes National Park,2016 National Parks BioBlitz - Hawai'i Volcanoes: E Ho'omau...To perpetuate,HI,19.37757748,-155.6028551,"Sat. August 27, 2016",https://www.nps.gov/havo,http://www.inaturalist.org/projects/2016-national-parks-bioblitz-hawai-i-volcanoes-e-ho-omau-to-perpetuate
HOME,Homestead National Monument of America,2016 National Parks BioBlitz - Homestead Critter Count,NE,40.28799999,-96.83392498,"Sat. May 21, 2016",https://www.nps.gov/home,http://www.inaturalist.org/projects/2016-national-parks-bioblitz-homestead-critter-count
HOME,Homestead National Monument of America,2016 National Parks BioBlitz - Homestead Bee BioBlitz,NE,40.286879,-96.83247,"Sun. October 2, 2016",https://www.nps.gov/home,http://www.inaturalist.org/projects/2016-national-parks-bioblitz-homestead-bee-bioblitz
HOFU,Hopewell Furnace NHS,2016 National Parks BioBlitz - Hopewell Furnace,PA,40.2060723,-75.76811627,"Fri. May 20 - Sat. May 21, 2016",https://www.nps.gov/hofu,http://www.inaturalist.org/projects/2016-national-parks-bioblitz-hopewell-furnace
HOSP,Hot Springs National Park,2016 National Parks BioBlitz - Hot Springs: Reptilian Roundup and Fungus Find,AR,34.51113731,-93.08972185,"Fri. May 20 - Sat. May 21, 2016",https://www.nps.gov/hosp,http://www.inaturalist.org/projects/2016-national-parks-bioblitz-hot-springs-reptilian-roundup-and-fungus-find
HUTR,Hubbell Trading Post National Historic Site,2016 National Parks BioBlitz - Hubbell Trading Post,AZ,35.70727316,-109.5599516,"Fri. May 20 - Sat. May 21, 2016",https://www.nps.gov/hutr,http://www.inaturalist.org/places/hubbell-trading-post-national-historic-site
INDU,Indiana Dunes National Lakeshore,2016 National Parks BioBlitz - Indiana Dunes: Miller Woods BioBlitz,IN,41.66141521,-87.03253334,"Fri. May 20 - Sat. May 21, 2016",https://www.nps.gov/indu,http://www.inaturalist.org/projects/2016-national-parks-bioblitz-indiana-dunes-miller-woods-bioblitz
JELA,Jean Lafitte National Historical Park and Preserve,2016 National Parks BioBlitz - Jean Lafitte BugBlitz,LA,29.81916125,-90.14721028,"Fri. May 6, 2016",https://www.nps.gov/jela,http://www.inaturalist.org/projects/2016-national-parks-bioblitz-jean-lafitte-bugblitz
JOMU,John Muir National Historic Site,2016 National Parks BioBlitz - John Muir,CA,37.98263441,-122.13266,"Fri. May 20 - Sat. May 21, 2016",https://www.nps.gov/jomu,http://www.inaturalist.org/projects/2016-national-parks-bioblitz-john-muir
JOTR,Joshua Tree National Park,2016 National Parks BioBlitz - Joshua Tree Ethno-Bot-Blitz,CA,33.82705237,-115.8601108,"Sat. May 21, 2016",https://www.nps.gov/jotr,http://www.inaturalist.org/projects/2016-national-parks-bioblitz-joshua-tree-ethno-bot-blitz
KEFJ,Kenai Fjords National Park,2016 National Parks BioBlitz - Kenai Fjords Pollinators,AK,59.95320812,-149.8815245,"Mon. July 25 - Fri. July 29, 2016",https://www.nps.gov/kefj,http://www.inaturalist.org/projects/2016-national-parks-bioblitz-kenai-fjords-pollinators
KEAQ,Kenilworth Aquatic Gardens,2016 National Parks BioBlitz - Kenilworth,DC,38.912699,-76.941816,"Fri. May 20 - Sat. May 21, 2016",https://www.nps.gov/keaq,http://www.inaturalist.org/projects/2016-national-parks-bioblitz-kenilworth
KIMO,Kings Mountain National Military Park,2016 National Parks BioBlitz - Kings Mountain,SC,35.13900554,-81.38978804,"Fri. May 20 - Sat. May 21, 2016",https://www.nps.gov/kimo,http://www.inaturalist.org/projects/2016-national-parks-bioblitz-kings-mountain
KLGO,Klondike Gold Rush National Historic Park,2016 National Parks BioBlitz - Klondike Gold Rush,AK,59.63158703,-135.2926367,"Thu. May 12 - Fri. May 13, 2016",https://www.nps.gov/klgo,http://www.inaturalist.org/projects/2016-national-parks-bioblitz-klondike-gold-rush
KLSE,Klondike Gold Rush: Seattle Unit,2016 National Parks BioBlitz - Klondike Gold Rush: Seattle Unit,WA,47.599374,-122.33198,"Sat. May 21, 2016",https://www.nps.gov/klse,http://www.inaturalist.org/projects/2016-national-parks-bioblitz-pacific-northwest
KNRI,Knife River Indian Villages National Historic Site,2016 National Parks BioBlitz - Knife River Indian Villages ArcheoBlitz,ND,47.36850054,-101.3920156,"Thu. May 5 - Sat. May 7, 2016",https://www.nps.gov/knri,http://www.inaturalist.org/projects/2016-national-parks-bioblitz-knife-river-indian-villages-archeoblitz
LAKE,Lake Mead National Recreation Area,2016 National Parks BioBlitz - Lake Mead,NV,35.71471937,-114.6519029,"Sat. March 19, 2016",https://www.nps.gov/lake,http://www.inaturalist.org/projects/2016-national-parks-bioblitz-lake-mead
LAVO,Lassen Volcanic National Park,2016 National Parks BioBlitz - Lassen Volcanic Bird Banding BioBlitz,CA,40.49378739,-121.4072048,"Sun. July 17, 2016",https://www.nps.gov/lavo,http://www.inaturalist.org/projects/2016-national-parks-bioblitz-lassen-volcanic-bird-banding-bioblitz
LAVO,Lassen Volcanic National Park,2016 National Parks BioBlitz - Lassen Volcanic Butterfly BioBlitz,CA,40.512726,-121.325615,"Sat. July 23, 2016",https://www.nps.gov/lavo,http://www.inaturalist.org/projects/2016-national-parks-bioblitz-lassen-volcanic-butterfly-bioblitz
LABE,Lava Beds National Monument,2016 National Parks BioBlitz - Lava Beds Bug-Blitz,CA,41.75872643,-121.5178032,"Sat. May 21, 2016",https://www.nps.gov/labe,http://www.inaturalist.org/projects/2016-national-parks-bioblitz-lava-beds-bug-blitz
LEWI,Lewis & Clark National Historic Trail,2016 National Parks BioBlitz - Lewis and Clark,WA,46.28618254,-124.0676324,"Fri. May 20 - Sat. May 21, 2016",https://www.nps.gov/lewi,http://www.inaturalist.org/projects/2016-national-parks-bioblitz-lewis-and-clark
LIRI,Little River Canyon National Preserve,2016 National Parks BioBlitz - Little River Canyon,AL,34.4519056,-85.59724642,"Fri. May 20 - Sun. May 22, 2016",https://www.nps.gov/liri,http://www.inaturalist.org/projects/2016-national-parks-bioblitz-little-river-canyon
MANA,Manassas National Battlefield Park,2016 National Parks BioBlitz - Manassas,VA,38.82077103,-77.53003926,"Fri. May 20 - Sat. May 21, 2016",https://www.nps.gov/mana,http://www.inaturalist.org/projects/2016-national-parks-bioblitz-manassas
MABI,Marsh-Billings-Rockefeller National Historic Park,2016 National Parks BioBlitz - Marsh-Billings-Rockefeller,VT,43.63382235,-72.53823839,"Sun. May 22, 2016",https://www.nps.gov/mabi,http://www.inaturalist.org/projects/2016-national-parks-bioblitz-marsh-billings-rockefeller
MISS,Mississippi National River and Recreation Area,2016 National Parks BioBlitz - Mississippi River Coldwater BioBlitz,MN,44.77223486,-92.93011156,"Fri. July 15 - Sat. July 16, 2016",https://www.nps.gov/miss,http://www.inaturalist.org/projects/2016-national-parks-bioblitz-mississippi-river-coldwater-bioblitz
MNRR,Missouri National Recreational River,2016 National Parks BioBlitz - Missouri National Recreational River,SD,42.76717171,-97.07068502,"Sat. May 21, 2016",https://www.nps.gov/mnrr,http://www.inaturalist.org/projects/2016-national-parks-bioblitz-missouri-national-recreational-river
MONO,Monocacy National Battlefield,2016 National Parks BioBlitz - Monocacy,MD,39.35769765,-77.40246951,"Fri. May 20 - Sat. May 21, 2016",https://www.nps.gov/mono,http://www.inaturalist.org/projects/2016-national-parks-bioblitz-monocacy
MOCA,Montezuma Castle National Monument,2016 National Parks BioBlitz - Montezuma Castle Invertebrate BioBlitz,AZ,34.61102059,-111.8366153,"Sat. May 21, 2016",https://www.nps.gov/moca,http://www.inaturalist.org/projects/2016-national-parks-bioblitz-montezuma-castle-invertebrate-bioblitz
MORA,Mount Rainier National Park,2016 National Parks BioBlitz - Mount Rainier,WA,46.86060444,-121.7043729,"Fri. May 20 - Sun. May 22, 2016",https://www.nps.gov/mora,http://www.inaturalist.org/projects/2016-national-parks-bioblitz-mount-rainier
NATR,Natchez Trace Parkway,2016 National Parks BioBlitz - Natchez Trace BioBlitz and Wildlife Weekend,MS,32.87,-89.654,"Sat. April 16, 2016",https://www.nps.gov/natr,http://www.inaturalist.org/projects/2016-national-parks-bioblitz-natchez-trace-bioblitz-wildlife-weekend
NAMA,National Mall & Memorial Parks,2016 National Parks BioBlitz - National Mall,DC,38.88986603,-77.02278438,"Fri. May 20 - Sat. May 21, 2016",https://www.nps.gov/nama,http://www.inaturalist.org/projects/2016-national-parks-bioblitz-national-mall
NPSA,National Park of American Samoa,2016 National Parks BioBlitz - American Samoa,AS,-14.23749053,-169.4526019,"Sun. May 15 - Sun. May 22, 2016",https://www.nps.gov/npsa,http://www.inaturalist.org/projects/2016-national-parks-bioblitz-american-samoa
NISI,Ninety Six National Historic Site,2016 National Parks BioBlitz - Ninety Six,SC,34.1427,-82.016,"Fri. May 20 - Sat. May 21, 2016",https://www.nps.gov/nisi,http://www.inaturalist.org/projects/2016-national-parks-bioblitz-ninety-six
NOCO,North Cascades National Park,2016 National Parks BioBlitz - North Cascades,WA,48.83319999,-121.3466097,"Fri. May 20 - Sun. May 22, 2016",https://www.nps.gov/noca,http://www.inaturalist.org/projects/2016-national-parks-bioblitz-north-cascades
OCMU,Ocmulgee National Monument,2016 National Parks BioBlitz - Ocmulgee Butterfly BioBlitz,GA,32.83973829,-83.59675984,"Fri. August 19 - Sat. August 20, 2016",https://www.nps.gov/ocmu,http://www.inaturalist.org/projects/2016-national-parks-bioblitz-ocmulgee-butterfly-bioblitz
OLYM,Olympic National Park,2016 National Parks BioBlitz - Olympic,WA,47.79456549,-123.6183453,"Fri. May 20 - Sat. May 21, 2016",https://www.nps.gov/olym,http://www.inaturalist.org/projects/2016-national-parks-bioblitz-olympic
ORCA,Oregon Caves National Monument and Preserve,2016 National Parks BioBlitz - Oregon Caves Millipede BioBlitz,OR,42.1031365,-123.4016405,"Fri. May 20 - Sat. May 21, 2016",https://www.nps.gov/orca,http://www.inaturalist.org/projects/2016-national-parks-bioblitz-oregon-caves-millipede-bioblitz
ORCA,Oregon Caves National Monument and Preserve,2016 National Parks BioBlitz - Oregon Caves Butterfly BioBlitz,OR,42.095156,-123.37982,"Sat. July 2, 2016",https://www.nps.gov/orca,http://www.inaturalist.org/projects/2016-national-parks-bioblitz-oregon-caves-butterfly-bioblitz
ORCA,Oregon Caves National Monument and Preserve,2016 National Parks BioBlitz - Oregon Caves Dragonfly BioBlitz,OR,42.111131,-123.425229,"Sat. August 13, 2016",https://www.nps.gov/orca,http://www.inaturalist.org/projects/2016-national-parks-bioblitz-oregon-caves-dragonfly-bioblitz
PAIS,Padre Island National Seashore,2016 National Parks BioBlitz - Padre Island: Dragonfly BioBlitz,TX,26.70366538,-97.34068068,"Mon. July 25 - Mon. August 15, 2016",https://www.nps.gov/pais,http://www.inaturalist.org/projects/padre-island-national-seashore-dragonfly-bioblitz
PEFO,Petrified Forest National Park,2016 National Parks BioBlitz - Petrified Forest Nocturnal ReptileBlitz,AZ,34.98864305,-109.6747177,"Wed. August 10 - Wed. August 17, 2016",https://www.nps.gov/pefo,http://www.inaturalist.org/projects/2016-national-parks-bioblitz-petrified-forest-reptileblitz
PINN,Pinnacles National Park,2016 National Parks BioBlitz - Pinnacles,CA,36.49021462,-121.1809924,"Sat. May 21, 2016",https://www.nps.gov/pinn,http://www.inaturalist.org/projects/2016-national-parks-bioblitz-pinnacles
PIPE,Pipestone National Monument,2016 National Parks BioBlitz - Pipestone,MN,44.01351938,-96.32475523,"Sat. May 21, 2016",https://www.nps.gov/pipe,http://www.inaturalist.org/projects/2016-national-parks-bioblitz-pipestone
PISC,Piscataway Park,2016 National Parks BioBlitz - Piscataway,MD,38.68388278,-77.05511417,"Fri. May 20 - Sat. May 21, 2016",https://www.nps.gov/pisc,http://www.inaturalist.org/projects/2016-national-parks-bioblitz-piscataway
PORE,Point Reyes National Seashore,2016 National Parks BioBlitz - Point Reyes: Mudflat & Terrestrial Invertebrates,CA,38.05500555,-122.8797044,"Fri. May 20, 2016",https://www.nps.gov/pore,http://www.inaturalist.org/projects/2016-national-parks-bioblitz-point-reyes-mudflat-terrestrial-invertebrates
PRPA,President's Park,2016 National Parks BioBlitz - President's Park,DC,38.895617,-77.036583,"Fri. May 20 - Sat. May 21, 2016",https://www.nps.gov/whho,http://www.inaturalist.org/projects/2016-national-parks-bioblitz-president-s-park
PRWI,Prince William Forest Park,2016 National Parks BioBlitz - Prince William Forest,VA,38.57850513,-77.39112608,"Fri. May 20 - Sat. May 21, 2016",https://www.nps.gov/prwi,http://www.inaturalist.org/projects/2016-national-parks-bioblitz-prince-william-forest
PULL,Pullman National Monument,2016 National Parks BioBlitz - Pullman,IL,41.69429163,-87.60873824,"Sat. May 21, 2016",https://www.nps.gov/pull,http://www.inaturalist.org/projects/2016-national-parks-bioblitz-pullman
REDW,Redwood National and State Parks,2016 National Parks BioBlitz - Redwood Waterbird BioBlitz,CA,41.37133097,-124.0316551,"Wed. May 25, 2016",https://www.nps.gov/redw,http://www.inaturalist.org/places/redwood-national-park
RICH,Richmond National Battlefield Park,2016 National Parks BioBlitz - Richmond Battlefield Biota,VA,37.57661115,-77.28293615,"Mon. September 26 - Sun. October 2, 2016",https://www.nps.gov/rich,http://www.inaturalist.org/projects/2016-national-parks-bioblitz-richmond-battlefield-biota
ROCR,Rock Creek Park,2016 National Parks BioBlitz - Rock Creek Park,DC,38.96274064,-77.04605847,"Fri. May 20 - Sat. May 21, 2016",https://www.nps.gov/rocr,http://www.inaturalist.org/projects/2016-national-parks-bioblitz-rock-creek-park
ROMO,Rocky Mountain National Park,2016 National Parks BioBlitz - Rocky Mountain: Dragonfly BioBlitz,CO,40.35565995,-105.697769,"Tue. May 24 - Fri. June 10, 2016",https://www.nps.gov/romo,http://www.inaturalist.org/projects/dragonfly-mercury-project-nps
SAHI,Sagamore Hill National Historic Site,2016 National Parks BioBlitz - Sagamore Hill BirdBlitz,NY,40.88557279,-73.49668653,"Sun. May 29, 2016",https://www.nps.gov/sahi,http://www.inaturalist.org/projects/2016-national-parks-bioblitz-sagamore-hill-birdblitz
SAGU,Saguaro National Park,2016 National Parks BioBlitz - Saguaro Schoolyard BioBlitz,AZ,32.261979,-111.1497,"Fri. January 1 - Sat. December 31, 2016",https://www.nps.gov/sagu,http://www.inaturalist.org/projects/2016-national-parks-bioblitz-saguaro-schoolyard-bioblitz
SAGU,Saguaro National Park,2016 National Parks BioBlitz - Saguaro Schoolyard BioBlitz,AZ,32.17893415,-110.6077205,"Fri. January 1 - Sat. December 31, 2016",https://www.nps.gov/sagu,http://www.inaturalist.org/projects/2016-national-parks-bioblitz-saguaro-schoolyard-bioblitz
SACN,Saint Croix National Scenic Riverway,2016 National Parks BioBlitz - Saint Croix,WI,45.98021519,-91.57848434,"Fri. May 20 - Sat. May 21, 2016",https://www.nps.gov/sacn,http://www.inaturalist.org/projects/2016-national-parks-bioblitz-st-croix
SAGA,Saint-Gaudens National Historic Site,2016 National Parks BioBlitz - Saint-Gaudens,NH,43.50046879,-72.37403165,"Fri. May 20 - Sun. May 22, 2016",https://www.nps.gov/saga,http://www.inaturalist.org/projects/2016-national-parks-bioblitz-saint-gaudens
SAPU,Salinas Pueblo Missions National Monument,2016 National Parks BioBlitz - Salinas Pueblo Missions BirdBlitz,NM,34.25942389,-106.0897997,"Sat. May 14, 2016
",https://www.nps.gov/sapu,http://www.inaturalist.org/places/salinas-pueblo-missions-national-monument
SAPU,Salinas Pueblo Missions National Monument,2016 National Parks BioBlitz - Salinas Pueblo Missions Star Party,NM,34.259762,-106.093024,"Sat. September 3, 2016",https://www.nps.gov/sapu,http://www.inaturalist.org/places/salinas-pueblo-missions-national-monument
SAAN,San Antonio Missions National Historical Park,2016 National Parks BioBlitz - San Antonio Missions,TX,29.33273056,-98.45466742,"Fri. October 28 - Sat. October 29, 2016",https://www.nps.gov/saan,http://www.inaturalist.org/places/san-antonio-missions-national-historical-park
SAJH,San Juan Island National Historical Park,2016 National Parks BioBlitz - San Juan Island,WA,48.462114,-123.0049793,"Mon. May 16 - Sat. May 21, 2016",https://www.nps.gov/sajh,http://www.inaturalist.org/projects/2016-national-parks-bioblitz-san-juan-island
SAMO,Santa Monica Mountains National Recreation Area,2016 National Parks BioBlitz - Santa Monica Mountains,CA,34.08377085,-118.7201796,"Mon. May 16 - Sat. May 21, 2016",https://www.nps.gov/samo,http://www.inaturalist.org/projects/2016-national-parks-bioblitz-santa-monica-mountains
SEKI,Sequoia and Kings Canyon National Parks,2016 National Parks BioBlitz - Sequoia and Kings Canyon,CA,36.50768379,-118.5752033,"Fri. May 20 - Sat. May 21, 2016",https://www.nps.gov/seki,http://www.inaturalist.org/projects/2016-national-parks-bioblitz-sequoia-and-kings-canyon
SEKI,Sequoia and Kings Canyon National Parks,2016 National Parks BioBlitz - Sequoia and Kings Canyon: Newt Blitz,CA,36.871379,-118.55604,"Sat. March 5, 2016",https://www.nps.gov/seki,http://www.inaturalist.org/projects/seki-newt-bioblitz
SHEN,Shenandoah National Park,2016 National Parks BioBlitz - Shenandoah: Mycological Foray,VA,38.28106541,-78.67619963,"Thu. September 8 - Sun. September 11, 2016",https://www.nps.gov/shen,http://www.inaturalist.org/projects/2016-national-parks-bioblitz-shenandoah-mycological-foray
SLBE,Sleeping Bear Dunes National Lakeshore,2016 National Parks BioBlitz - Sleeping Bear Dunes,MI,45.11160542,-86.01521888,"Fri. September 16 - Sat. September 17, 2016",https://www.nps.gov/slbe,http://www.inaturalist.org/projects/2016-national-parks-bioblitz-sleeping-bear-dunes
TAPR,Tallgrass Prairie National Preserve,2016 National Parks BioBlitz - Tallgrass Prairie Pollinators: Wildflowers and Butterflies,KS,38.45135719,-96.57387273,"Sat. June 18 - Sun. June 19, 2016",https://www.nps.gov/tapr,http://www.inaturalist.org/projects/2016-national-parks-bioblitz-tallgrass-prairie-pollinators-wildflowers-and-butterflies
THRO,Theodore Roosevelt National Park,2016 National Parks BioBlitz - Theodore Roosevelt,ND,46.95359206,-103.4592227,"Fri. June 24 - Sat. June 25, 2016",https://www.nps.gov/thro,http://www.inaturalist.org/projects/2016-national-parks-bioblitz-theodore-roosevelt
TICA,Timpanogos Cave National Monument,2016 National Parks BioBlitz - Timpanogos Cave,UT,40.44039704,-111.7093944,"Wed. June 8, 2016",http://www.usee.org/events/bioblitz-2016,http://www.inaturalist.org/projects/2016-national-parks-bioblitz-timpanogos-cave
TUMA,Tumacacori National Historical Park,2016 National Parks BioBlitz - Tumacacori Pollinator BioBlitz,AZ,31.57283049,-111.047764,"Sat. August 20, 2016",https://www.nps.gov/tuma,http://www.inaturalist.org/projects/2016-national-parks-bioblitz-tumacacori-pollinator-bioblitz
UPDE,Upper Delaware Scenic and Recreational River,2016 National Parks BioBlitz - Upper Delaware,PA,41.5167673,-75.00963121,"Fri. June 24 - Sat. June 25, 2016",https://www.nps.gov/upde,http://www.inaturalist.org/projects/2016-national-parks-bioblitz-upper-delaware
VALL,Valles Caldera National Preserve,2016 National Parks BioBlitz - Valles Caldera,NM,35.832105,-106.487006,"Sat. August 27, 2016",https://www.nps.gov/vall,http://www.inaturalist.org/projects/2016-national-parks-bioblitz-valles-caldera
VAFO,Valley Forge NHP,2016 National Parks BioBlitz - Valley Forge: Wildlife Watchers PhotoBlitz,PA,40.10061168,-75.44574105,"Mon. May 16 - Sun. May 22, 2016",https://www.nps.gov/vafo,http://www.inaturalist.org/projects/2016-national-parks-bioblitz-valley-forge-wildlife-watchers-photoblitz
VOYA,Voyageurs National Park,2016 National Parks BioBlitz - Voyageurs,MN,48.48327144,-92.83720626,"Fri. October 7 - Sat. October 8, 2016",https://www.nps.gov/voya,http://www.inaturalist.org/projects/2016-national-parks-bioblitz-voyageurs
WEFA,Weir Farm National Historic Site,2016 National Parks BioBlitz - Weir Farm,CT,41.25675816,-73.45648717,"Fri. May 20 - Sat. May 21, 2016",https://www.nps.gov/wefa,http://www.inaturalist.org/projects/2016-national-parks-bioblitz-weir-farm
WHIS,Whiskeytown National Recreation Area,"2016 National Parks BioBlitz - Whiskeytown: Birds, Bees, and Butterflies BioBlitz",CA,40.6135802,-122.6022603,"Fri. May 13 - Sat. May 14, 2016",https://www.nps.gov/whis,http://www.inaturalist.org/projects/2016-national-parks-bioblitz-whiskeytown-birds-bees-and-butterflies-bioblitz
WICA,Wind Cave National Park,2016 National Parks BioBlitz - Wind Cave Bird Blitz,SD,43.5802025,-103.4390924,"Sat. May 21, 2016",https://www.nps.gov/wica,http://www.inaturalist.org/projects/2016-national-parks-bioblitz-wind-cave-bird-blitz
WOTR,Wolf Trap National Park for the Performing Arts,2016 National Parks BioBlitz - Wolf Trap,VA,38.9379319,-77.26355408,"Sat. May 21, 2016",https://www.nps.gov/wotr,http://www.inaturalist.org/projects/2016-national-parks-bioblitz-wolf-trap
YELL,Yellowstone National Park,2016 National Parks BioBlitz - Yellowstone Dragonfly Hg,WY,44.59644457,-110.5471962,"Sun. May 15 - Mon. August 15, 2016",https://www.nps.gov/yell,http://www.inaturalist.org/projects/2016-national-parks-bioblitz-yellowstone-dragonfly-hg
YOSE,Yosemite National Park,2016 National Parks BioBlitz - Yosemite BloomBlitz,CA,37.84832509,-119.5569774,"Sun. May 22, 2016",https://www.nps.gov/yose,http://www.inaturalist.org/projects/2016-national-parks-bioblitz-yosemite-bloomblitz
ZION,Zion National Park,2016 National Parks BioBlitz - Zion Dragonfly BioBlitz,UT,37.29823699,-113.026442,"Wed. July 13, 2016",https://www.nps.gov/zion,http://www.inaturalist.org/projects/2016-national-parks-bioblitz-zion-dragonfly-bioblitz
LARO,Lake Roosevelt National Recreation Area,2016 National Parks BioBlitz - Lake Roosevelt BugBlitz,WA,47.91163750190,-118.71515359000,"Sat. September 24, 2016",https://www.nps.gov/laro,http://www.inaturalist.org/projects/2016-national-parks-bioblitz-lake-roosevelt-bugblitz
,,,,,,,,
